{
  "id1-analytical": {
    "same_columns": true,
    "same_rowcount": true,
    "rowcount_ai": 6258,
    "rowcount_ctrl": 6258,
    "columns": {
      "obec.nazev": {
        "ai": {
          "count": 6258,
          "min": 500011.0,
          "q1": 542603.25,
          "median": 563548.0,
          "q3": 581451.0,
          "max": 599999.0,
          "avg": 561879.0554490252,
          "std": 23217.69761873916
        },
        "ctrl": {
          "count": 6258,
          "min": 500011.0,
          "q1": 542603.25,
          "median": 563548.0,
          "q3": 581451.0,
          "max": 599999.0,
          "avg": 561879.0554490252,
          "std": 23217.69761873916
        }
      },
      "value": {
        "ai": {
          "count": 6258,
          "min": 0.0,
          "q1": 0.0,
          "median": 0.0,
          "q3": 1.0,
          "max": 321.0,
          "avg": 0.8334931287951423,
          "std": 4.890728306553229
        },
        "ctrl": {
          "count": 6258,
          "min": 0.0,
          "q1": 0.0,
          "median": 0.0,
          "q3": 1.0,
          "max": 321.0,
          "avg": 0.8334931287951423,
          "std": 4.890728306553229
        }
      }
    },
    "data_match_score": 100.0
  },
  "id1-business": {
    "same_columns": true,
    "same_rowcount": true,
    "rowcount_ai": 6258,
    "rowcount_ctrl": 6258,
    "columns": {
      "obec.nazev": {
        "ai": {
          "count": 6258,
          "min": 500011.0,
          "q1": 542603.25,
          "median": 563548.0,
          "q3": 581451.0,
          "max": 599999.0,
          "avg": 561879.0554490252,
          "std": 23217.69761873916
        },
        "ctrl": {
          "count": 6258,
          "min": 500011.0,
          "q1": 542603.25,
          "median": 563548.0,
          "q3": 581451.0,
          "max": 599999.0,
          "avg": 561879.0554490252,
          "std": 23217.69761873916
        }
      },
      "value": {
        "ai": {
          "count": 6258,
          "min": 0.0,
          "q1": 0.0,
          "median": 0.0,
          "q3": 1.0,
          "max": 321.0,
          "avg": 0.8334931287951423,
          "std": 4.890728306553229
        },
        "ctrl": {
          "count": 6258,
          "min": 0.0,
          "q1": 0.0,
          "median": 0.0,
          "q3": 1.0,
          "max": 321.0,
          "avg": 0.8334931287951423,
          "std": 4.890728306553229
        }
      }
    },
    "data_match_score": 100.0
  },
  "id1-technical": {
    "same_columns": true,
    "same_rowcount": true,
    "rowcount_ai": 6258,
    "rowcount_ctrl": 6258,
    "columns": {
      "obec.nazev": {
        "ai": {
          "count": 6258,
          "min": 500011.0,
          "q1": 542603.25,
          "median": 563548.0,
          "q3": 581451.0,
          "max": 599999.0,
          "avg": 561879.0554490252,
          "std": 23217.69761873916
        },
        "ctrl": {
          "count": 6258,
          "min": 500011.0,
          "q1": 542603.25,
          "median": 563548.0,
          "q3": 581451.0,
          "max": 599999.0,
          "avg": 561879.0554490252,
          "std": 23217.69761873916
        }
      },
      "value": {
        "ai": {
          "count": 6258,
          "min": 0.0,
          "q1": 0.0,
          "median": 0.0,
          "q3": 1.0,
          "max": 321.0,
          "avg": 0.8334931287951423,
          "std": 4.890728306553229
        },
        "ctrl": {
          "count": 6258,
          "min": 0.0,
          "q1": 0.0,
          "median": 0.0,
          "q3": 1.0,
          "max": 321.0,
          "avg": 0.8334931287951423,
          "std": 4.890728306553229
        }
      }
    },
    "data_match_score": 100.0
  },
  "id1-basic": {
    "same_columns": true,
    "same_rowcount": true,
    "rowcount_ai": 6258,
    "rowcount_ctrl": 6258,
    "columns": {
      "obec.nazev": {
        "ai": {
          "count": 6258,
          "min": 500011.0,
          "q1": 542603.25,
          "median": 563548.0,
          "q3": 581451.0,
          "max": 599999.0,
          "avg": 561879.0554490252,
          "std": 23217.69761873916
        },
        "ctrl": {
          "count": 6258,
          "min": 500011.0,
          "q1": 542603.25,
          "median": 563548.0,
          "q3": 581451.0,
          "max": 599999.0,
          "avg": 561879.0554490252,
          "std": 23217.69761873916
        }
      },
      "value": {
        "ai": {
          "count": 6258,
          "min": 0.0,
          "q1": 0.0,
          "median": 0.0,
          "q3": 1.0,
          "max": 321.0,
          "avg": 0.8334931287951423,
          "std": 4.890728306553229
        },
        "ctrl": {
          "count": 6258,
          "min": 0.0,
          "q1": 0.0,
          "median": 0.0,
          "q3": 1.0,
          "max": 321.0,
          "avg": 0.8334931287951423,
          "std": 4.890728306553229
        }
      }
    },
    "data_match_score": 100.0
  }
}